Selection Sort,Bubble Sort,Insertion Sort,Merge Sort,Quick Sort,Heap Sort,
0.000135400,0.000230900,0.000311300,0.002628600,0.002320400,0.000446800,
0.000203700,0.000307000,0.000288400,0.002285600,0.000248100,0.001469800,
0.000000600,0.000000300,0.000000300,0.000006400,0.000000900,0.000001400,
0.102173200,0.000018700,0.000029200,0.002864600,0.151913000,0.001294000,
0.106148900,0.196389000,0.059797800,0.002733600,0.001006600,0.001601200,
0.001305800,0.000008400,0.000007900,0.000413800,0.002863100,0.000148800,
0.000014600,0.000005200,0.000002700,0.000081700,0.000016800,0.000009400,
0.001184800,0.000100200,0.000065900,0.000500600,0.002779900,0.000213000,