Selection Sort,Bubble Sort,Insertion Sort,Merge Sort,Quick Sort,Heap Sort,
0.000135400,0.000230900,0.000311300,0.002628600,0.002320400,0.000446800,
0.000203700,0.000307000,0.000288400,0.002285600,0.000248100,0.001469800,