Selection Sort,Bubble Sort,Insertion Sort,Merge Sort,Quick Sort,Heap Sort,
0.102763400,0.196271100,0.051651900,0.003496600,0.001169500,0.002030100,

0.101402300,0.195466000,0.051907800,0.003262700,0.000933700,0.002259500,
9.751743200,24.608370200,5.351890200,0.034333200,0.013503500,0.022253700,
9.710673000,23.375793900,5.138902100,0.032897700,0.012665400,0.022003400,