Selection Sort,Bubble Sort,Insertion Sort,Merge Sort,Quick Sort,Heap Sort,
0.102763400,0.196271100,0.051651900,0.003496600,0.001169500,0.002030100,